"","title","path","like"
"1","涼拌醬汁","/recipes/158646","450"
"2","蜂蜜柚子醬","/recipes/125580","828"
"3","油蔥酥","/recipes/125482","248"
"4","芝麻醬【ARKDAN體驗】","/recipes/125483","150"
"5","不敗懶人肉醬","/recipes/125418","519"
"6","超香濃""芝""味~芝士雞肉沾醬 (Dip)","/recipes/125048","156"
"7","蔬食燒烤醬 - 薑泥香蔥【麻油薑泥】","/recipes/125208","52"
"8","素食燒烤醬- 素XO甜辣醬【素XO辣醬】","/recipes/125195","132"
"9","素食燒烤醬- 照燒醬汁【麻油薑泥】","/recipes/125191","102"
"10","自製辣椒醬","/recipes/124781","167"
"11","萬用的油蔥酥","/recipes/124686","372"
"12","紅蔥酥","/recipes/124719","577"
"13","中秋烤肉醬DIY 5. 南洋沙嗲醬","/recipes/124578","359"
"14","中秋烤肉醬DIY 4. 五香烤肉醬","/recipes/124575","1,093"
"15","柚子醬","/recipes/124261","340"
"16","自製辣椒醬","/recipes/124039","551"
"17","海滋味干貝醬","/recipes/124207","145"
"18","用梅子粉輕鬆做出清爽和風烤醬","/recipes/124204","433"
"19","[小啄]泰式酸辣烤肉醬（鷺鷥烤鳥粉）","/recipes/124193","139"
"20","酪梨鮮蝦莎莎醬","/recipes/124183","241"
"21","墨西哥莎莎醬配玉米脆片","/recipes/124162","287"
"22","燒烤牛小排佐奇異果優格醬-好東西購物網","/recipes/124089","200"
"23","骰子牛肉串+鳳梨大蒜烤肉醬-好東西購物網","/recipes/124088","433"
"24","自製蜂蜜照燒醬-碳烤吐司【中秋烤肉】","/recipes/124047","2,064"
"25","檸檬醋","/recipes/123991","1,770"
"26","韓國烤肉餐廳洋蔥片沾醬，<U+C591><U+D30C><U+C18C><U+C2A4> ","/recipes/123966","3,822"
"27","自製塔塔醬","/recipes/123397","871"
"28","【厚生廚房】清爽海鮮烤醬","/recipes/123590","142"
"29","【厚生廚房】自製甘甜烤肉醬","/recipes/123528","1,852"
"30","中秋烤肉醬DIY 3. 素食檸醋醬","/recipes/123486","239"
"31","中秋烤肉醬DIY 2. 蒜味日式醬","/recipes/123484","330"
"32","中秋烤肉醬DIY 1. 清爽水果醬","/recipes/123482","251"
"33","九層塔青醬【常備醬料 】","/recipes/123351","2,395"
"34","自調五味醬","/recipes/122973","107"
"35","自製桃子巴薩米克醋沙拉醬","/recipes/122966","88"
"36","自製油蔥酥","/recipes/122861","91"
"37","XO櫻花蝦干貝醬","/recipes/122558","290"
"38","自製香椿醬~很特別的香味在~烘焙華爾滋~","/recipes/122632","114"
"39","蕃茄肉醬","/recipes/122540","257"
"40","微波爐 一分鐘 自製壽司醋","/recipes/122506","219"
"41","南洋沙爹醬","/recipes/122374","344"
"42","義式肉醬","/recipes/122208","1,049"
"43","萬用和風醬 {露營OK}","/recipes/122093","311"
"44","沙拉油醋醬","/recipes/122063","229"
"45","甜麵醬(烤鴨沾醬)","/recipes/121801","602"
"46","芝麻味噌醬","/recipes/121739","72"
"47","古早的味─油蔥酥","/recipes/121482","107"
"48","【油蔥酥】","/recipes/121480","393"
"49","義大利肉醬【快鍋就用樂鍋史蒂娜】","/recipes/121477","249"
"50","柳橙油醋醬","/recipes/121128","1,660"
"51","泰式萬用調味醬","/recipes/121377","584"
"52","簡易 壽司醋","/recipes/121364","99"
"53","自製簡易青醬Pesto【五分鐘】","/recipes/117893","3,262"
"54","Guacamole 酪梨莎莎醬","/recipes/120603","226"
"55","Q梅沾醬(梅子淋醬)-白肉專用","/recipes/120140","56"
"56","義大利茄汁肉醬【快鍋就用樂鍋史蒂娜】","/recipes/118291","685"
"57","越南酸甜辣醬(常備拌醬)","/recipes/118465","809"
"58","萬用香料油","/recipes/118508","61"
"59","炸醬","/recipes/118330","246"
"60","[醬料]夏日清爽好食黑芝麻涼麵醬","/recipes/118113","127"
"61","【莎莎醬佐玉米片】","/recipes/118091","5,949"
"62","自製胡麻醬＠梅花肉小餐桌","/recipes/118080","188"
"63","自製芝麻醬＠梅花肉小餐桌","/recipes/118078","151"
"64","義大利紅酒肉醬","/recipes/117770","86"
"65","眷村味水餃醬汁","/recipes/117447","453"
"66","〔便宜醬油〕變身好味道","/recipes/117408","47"
"67","東販小食堂：鰹魚半敲燒佐煙燻蘿蔔美乃滋","/recipes/117005","49"
"68","芝麻肉醬","/recipes/117213","52"
"69","經典義大利肉醬","/recipes/117147","451"
"70","蕃茄義大利肉醬","/recipes/117034","101"
"71","美而美沙拉醬【1分完成.不含奶.蛋.油】","/recipes/116493","279"
"72","秋葵佐花生芝麻鮪魚醬","/recipes/116458","110"
"73","清蒸龍膽佐莎莎醬","/recipes/116456","120"
"74","蘑菇醬","/recipes/116004","294"
"75","萬用南瓜咖哩醬","/recipes/115726","194"
"76","墨西哥蕃茄辣肉醬","/recipes/109253","316"
"77","自製義大利青醬","/recipes/115660","262"
"78","雞絲飯湯汁","/recipes/115258","125"
"79","芝麻涼麵醬~","/recipes/114822","1,205"
"80","無油清爽低卡輕食 — 家庭版墨西哥莎莎醬","/recipes/114773","658"
"81","金黃雞腿排佐莎莎醬","/recipes/114713","267"
"82","蒜蓉吻仔魚辣椒醬","/recipes/114653","147"
"83","烤圓鱈佐法式咖哩玉米醬汁","/recipes/114574","128"
"84","自製青醬","/recipes/114360","926"
"85","義大利紅醬marinara sauce","/recipes/113939","218"
"86","自製萬用蒜頭酥","/recipes/113890","213"
"87","用果汁機做的沙拉醬","/recipes/113801","128"
"88","芒果莎莎醬","/recipes/113622","167"
"89"," ▊蕃茄肉醬▊","/recipes/113596","96"
"90","蕃茄肉醬","/recipes/113223","424"
"91","【墨西哥莎莎醬】","/recipes/113152","1,433"
"92","夏日清爽酪梨醬","/recipes/112567","311"
"93","日式香味醬汁","/recipes/112353","378"
"94","白醬","/recipes/110785","518"
"95","義大利肉醬","/recipes/112110","259"
"96","油蔥酥.","/recipes/111912","96"
"97","油漬番茄","/recipes/111847","175"
"98","義式紅醬","/recipes/111824","492"
"99","炸紅蔥頭酥","/recipes/111821","88"
"100","用新鮮蕃茄做出的安心美味紅醬","/recipes/111807","84"
"101","青醬（松子羅勒醬）","/recipes/111803","247"
"102","健康小吃 - 自製莎莎醬","/recipes/110048","1,375"
"103","青木瓜鳳梨酵素糖漿","/recipes/111023","171"
"104","醬油漬蒜頭（蒜香醬油）","/recipes/110997","131"
"105","油封蒜頭（蒜香油）","/recipes/110864","329"
"106","青醬（九層塔使用）","/recipes/110556","873"
"107","松子青醬","/recipes/110541","306"
"108","咖哩優格醬","/recipes/110451","106"
"109","味噌黃瓜優格醬","/recipes/110448","55"
"110","芥末優格醬","/recipes/110446","162"
"111","奶油海鮮焗飯佐法式芥末蘑菇醬","/recipes/110349","51"
"112","莎莎醬","/recipes/110194","2,311"
"113","番茄玉米肉醬","/recipes/110110","1,523"
"114","【簡單一鍋到底】酢醬","/recipes/110066","249"
"115","自製青醬(不用松子)","/recipes/110021","490"
"116","迷迭香蒜香風味油","/recipes/109351","138"
"117","蒜香帕馬森起司薯條檸檬優格醬 / 五辛素","/recipes/109178","309"
"118","自己動手做樂趣多~油蔥酥","/recipes/109120","64"
"119","自製紅麴醬","/recipes/109075","241"
"120","台式萬用醬(毒物專家林杰樑家-私房醬)","/recipes/108951","2,156"
