"","title","author","path","date","response"
"1","[商品] 全家豚肉炒麵廣島燒","aug123","/bbs/CVS/M.1454052348.A.95F.html"," 1/29","7"
"2","[新聞] 滅頂風暴波及 味全UCC持股全出清 ","virkin","/bbs/CVS/M.1454064582.A.FC2.html"," 1/29","32"
"3","[商品] 全家 老薑麻油雞肉燴飯","orion2588","/bbs/CVS/M.1454076652.A.1A5.html"," 1/29","12"
"4","[商品] 全家 戰酒入麵 麻油酒香瘦肉麵","danteuk","/bbs/CVS/M.1454086783.A.D34.html"," 1/30","17"
"5","[問題] 萊爾富發票?","IbakaBlock","/bbs/CVS/M.1454087695.A.84C.html"," 1/30","8"
"6","[問題] 只能用現金購買的燜燒罐？","Enota","/bbs/CVS/M.1454115866.A.D84.html"," 1/30","7"
"7","[問題] 7-11魚豆腐","gonna","/bbs/CVS/M.1454128980.A.E3F.html"," 1/30","1"
"8","[問題] 超商繳費出問題","traci0304","/bbs/CVS/M.1454143342.A.CF1.html"," 1/30","4"
"9","[商品] 全家 白玉抹茶摩納餅","Greeyy","/bbs/CVS/M.1454144416.A.2EE.html"," 1/30","34"
"10","[問題] 關於萊爾富年菜的份量一問","oemptt","/bbs/CVS/M.1454146300.A.E29.html"," 1/30","6"
"11","[情報] 7-11 第二波預購商品(BEAMS背包、手鍊)","horusli","/bbs/CVS/M.1454157746.A.4B3.html"," 1/30","37"
"12","[情報] 7-11週末滿額送 (0206~0214)","horusli","/bbs/CVS/M.1454158079.A.C13.html"," 1/30","12"
"13","[抱怨] 黑貓的當日宅急便","kiellove","/bbs/CVS/M.1454163691.A.919.html"," 1/30","17"
"14","Re: [情報] OPENPOINT APP 登入就送開運折價券紅包","MiYoung","/bbs/CVS/M.1454165056.A.5FC.html"," 1/30","11"
"15","[問題] 今年加入openpoint會員還有送點數嗎?","akie0820","/bbs/CVS/M.1454167391.A.C3D.html"," 1/30","10"
"16","Re: [情報] 888點OP點數換商品","WarmWen","/bbs/CVS/M.1454174784.A.C37.html"," 1/31","15"
"17","[問題] 7-11大熱拿的容量","unilions18","/bbs/CVS/M.1454216229.A.5DE.html"," 1/31","29"
"18","[商品] 全家 泡芙布丁聖代","mayday7710","/bbs/CVS/M.1454226151.A.850.html"," 1/31","19"
"19","[感想] 泰國7-11晚餐","s13440000","/bbs/CVS/M.1454228035.A.F80.html"," 1/31","22"
"20","[情報] 林鳳營買一送一","chas80","/bbs/CVS/M.1454230897.A.444.html"," 1/31","X3"
"21","[商品] 植物的優優格益生菌軟糖orange","aajessica","/bbs/CVS/M.1454234537.A.54F.html"," 1/31","5"
"22","[情報] 全家 食在購安心 商品成份查詢","papau","/bbs/CVS/M.1454239446.A.9CA.html"," 1/31","2"
"23","[商品] 全家-白玉紅豆牛奶冰淇淋","machi059","/bbs/CVS/M.1454243506.A.D86.html"," 1/31","11"
"24","[問題] 全家店到店維護到什麼時候","monkey0421","/bbs/CVS/M.1454266908.A.FF5.html"," 2/01","7"
"25","Re: [問題] 關於萊爾富年菜的份量一問","fifybl","/bbs/CVS/M.1454284130.A.CB1.html"," 2/01",""
"26","Re: [問題] 關於萊爾富年菜的份量一問","oemptt","/bbs/CVS/M.1454292100.A.B54.html"," 2/01","5"
"27","[商品] 全家 泡芙布丁聖代","octopus4406","/bbs/CVS/M.1454294183.A.8B6.html"," 2/01","18"
"28","[情報] 全家、7-11 罐裝洋芋片優惠 兩罐99元","rebooting","/bbs/CVS/M.1454299314.A.F99.html"," 2/01","19"
"29","[感想] 回應operaghost大很在意的刷錯條碼事","oemptt","/bbs/CVS/M.1454306844.A.F28.html"," 2/01",""
"30","Re: [問題] 萊爾富發票?","IbakaBlock","/bbs/CVS/M.1454322744.A.2F5.html"," 2/01","4"
"31","Re: [商品] 7-11 Table Mark鯛魚燒","kkkmmmsherry","/bbs/CVS/M.1454326690.A.F47.html"," 2/01","1"
"32","[問題] 查詢歸戶","fayfay","/bbs/CVS/M.1454329068.A.C3E.html"," 2/01","4"
"33","[感想] 全家 宇宙人靠枕（毯）－青草熊款","orion2588","/bbs/CVS/M.1454335431.A.D38.html"," 2/01","4"
"34","[商品] 全家 翡翠吻仔魚粥＋溫野菜（高麗菜）","orion2588","/bbs/CVS/M.1454337439.A.088.html"," 2/01","5"
"35","[商品] 全家 老薑麻油雞燴飯","nachesis","/bbs/CVS/M.1454381535.A.C07.html"," 2/02","1"
"36","[討論] 711保溫瓶","pon340","/bbs/CVS/M.1454384178.A.0F3.html"," 2/02","7"
"37","[問題] 超商刷手機條碼的程序??","nonpolar","/bbs/CVS/M.1454393756.A.E3A.html"," 2/02","14"
"38","[商品] 光泉午后時光大吉嶺奶茶/伯爵奶茶","Akanetm","/bbs/CVS/M.1454397381.A.CAB.html"," 2/02","66"
"39","[情報] 哈根達斯X全家Let's Caf'e活動","betty811222","/bbs/CVS/M.1454397639.A.A4C.html"," 2/02",""
"40","[商品] 東鳩十連玉米圈餅-墨西哥脆餅","machi059","/bbs/CVS/M.1454408451.A.47F.html"," 2/02",""
